request_number,timestamp,status,latency_ms,success,error
1,2026-03-03 22:54:20.013,200,150.59,true,""
2,2026-03-03 22:54:21.179,200,24.99,true,""
3,2026-03-03 22:54:20.013,200,140.55,true,""
4,2026-03-03 22:54:21.154,200,24.95,true,""
5,2026-03-03 22:54:21.128,200,25.88,true,""
6,2026-03-03 22:54:21.156,200,26.99,true,""
7,2026-03-03 22:54:20.013,200,145.52,true,""
8,2026-03-03 22:54:21.074,200,24.98,true,""
9,2026-03-03 22:54:21.093,200,30.95,true,""
10,2026-03-03 22:54:20.013,200,224.51,true,""
11,2026-03-03 22:54:21.099,200,29.03,true,""
12,2026-03-03 22:54:21.124,200,71.98,true,""
13,2026-03-03 22:54:20.013,200,307.53,true,""
14,2026-03-03 22:54:21.058,200,97.95,true,""
15,2026-03-03 22:54:21.063,200,29.97,true,""
16,2026-03-03 22:54:20.154,200,28.95,true,""
17,2026-03-03 22:54:20.159,200,169.94,true,""
18,2026-03-03 22:54:20.164,200,86.91,true,""
19,2026-03-03 22:54:20.183,200,297.00,true,""
20,2026-03-03 22:54:20.238,200,39.93,true,""
21,2026-03-03 22:54:20.251,200,44.99,true,""
22,2026-03-03 22:54:20.278,200,307.98,true,""
23,2026-03-03 22:54:20.296,200,341.02,true,""
24,2026-03-03 22:54:20.321,200,126.92,true,""
25,2026-03-03 22:54:20.329,200,38.01,true,""
26,2026-03-03 22:54:20.367,200,25.90,true,""
27,2026-03-03 22:54:20.393,200,47.98,true,""
28,2026-03-03 22:54:20.441,200,31.01,true,""
29,2026-03-03 22:54:20.448,200,94.90,true,""
30,2026-03-03 22:54:20.472,200,218.91,true,""
31,2026-03-03 22:54:20.480,200,267.98,true,""
32,2026-03-03 22:54:20.543,200,32.00,true,""
33,2026-03-03 22:54:20.575,200,1149.01,true,""
34,2026-03-03 22:54:20.586,200,203.97,true,""
35,2026-03-03 22:54:20.637,200,363.94,true,""
36,2026-03-03 22:54:20.691,200,28.98,true,""
37,2026-03-03 22:54:20.720,200,55.03,true,""
38,2026-03-03 22:54:20.748,200,44.93,true,""
39,2026-03-03 22:54:20.775,200,31.89,true,""
40,2026-03-03 22:54:20.790,200,25.92,true,""
41,2026-03-03 22:54:20.793,200,214.03,true,""
42,2026-03-03 22:54:20.807,200,90.00,true,""
43,2026-03-03 22:54:20.816,200,25.98,true,""
44,2026-03-03 22:54:20.842,200,696.03,true,""
45,2026-03-03 22:54:20.897,200,24.90,true,""
46,2026-03-03 22:54:20.922,200,25.01,true,""
47,2026-03-03 22:54:20.947,200,126.93,true,""
48,2026-03-03 22:54:21.001,200,30.96,true,""
49,2026-03-03 22:54:21.007,200,50.95,true,""
50,2026-03-03 22:54:21.032,200,30.95,true,""
